--R11

INSERT INTO Stakeholder
    VALUES (400, 'Human Computr Interaction');
INSERT INTO Stakeholder
    VALUES (401, 'public');
INSERT INTO Stakeholder
    VALUES (402, 'Introduction To Databases2');
INSERT INTO Stakeholder
    VALUES (403, 'Introduction To Databases3');
INSERT INTO Stakeholder
    VALUES (404, 'Introduction To Databases4');
INSERT INTO Stakeholder
    VALUES (405, 'Introduction To Databases5');
INSERT INTO Stakeholder
    VALUES (406, 'Introduction To Databases6');
INSERT INTO Stakeholder
    VALUES (407, 'Introduction To Databases7');
INSERT INTO Stakeholder
    VALUES (408, 'Introduction To Databases8');
INSERT INTO Stakeholder
    VALUES (409, 'Introduction To Databases9');
INSERT INTO Stakeholder
    VALUES (410, 'Introduction To Databases0');
INSERT INTO Stakeholder
    VALUES (411, 'Introduction To Databases-');
INSERT INTO Stakeholder
    VALUES (412, 'Introduction To Databases213');

--R14
INSERT INTO Person
    VALUES(100, 'Sparky', '1221341', 'sparky86@fsdv.com');
INSERT INTO Person
    VALUES(101, 'Maya Fey', '1221341', 'thiccdeadsista@aa.com');
INSERT INTO Person
    VALUES(102, 'Blitzc', '122sfa1341', 'bc@blizzard.com');
INSERT INTO Person
    VALUES(103, 'Vladimir', '1221341', 'vlad@fsdv.com');
INSERT INTO Person
    VALUES(104, 'Poison Ivy', '1221341', 'iveeee@gotham.com');
INSERT INTO Person
    VALUES(105, 'Steinar', '1221341', 'steinarvrp@gmail.com');
INSERT INTO Person
    VALUES(106, 'Armstrong', '122sfa1341', 'as@moon.com');
INSERT INTO Person
    VALUES(107, 'Phoenix Wright', '1221341', 'OBJECTION@aa.com');
INSERT INTO Person
    VALUES(108, 'Spectre', '1221341', 'casperthefriendlgy@ghost.com');
INSERT INTO Person
    VALUES(109, 'Nigga', '1221341', 'nigga@yo.com');
--Admin Staff
INSERT INTO Person
    VALUES(200, 'Taylor Swift', '21341', 'taylor@swft.com');
 INSERT INTO Person
    VALUES(201, 'B Trippin', '2341', 'tripp@sb.com');
INSERT INTO Person
    VALUES(202, 'J Money', '21341', 'j@money.com');
INSERT INTO Person
    VALUES(203, 'Lil B', '1232341', 'lil@sb.com');
INSERT INTO Person
    VALUES(204, 'Chilli Crab', '1232341', 'cc@sb.com');     
INSERT INTO Person
    VALUES(205, 'Duper', '1232341', 'cc@dupes.com');     
--Technical Staff
INSERT INTO Person
    VALUES(206, 'Luchasaurs', '21341', 'lucha@saue.com');
 INSERT INTO Person
    VALUES(207, 'Selema Gome', '2341', 'go home@t.com');
INSERT INTO Person
    VALUES(208, 'Tom Kruise', '21341', 't@cruise.com');
INSERT INTO Person
    VALUES(209, 'My Selamat', '1232341', 'toilet@break.com');
INSERT INTO Person
    VALUES(210, 'Alab Bala', '1232341', 'cc@sb.com');               
INSERT INTO Person
    VALUES(300, 'Taylor Lynn', '94288549', 'taylor.lynn1218@gmail.com');
INSERT INTO Person
    VALUES(301, 'Danson', '84763889', 'dansonkang@gmail.com');
INSERT INTO Person
    VALUES(302, 'Damien', '74448839', 'damiengohj@gmail.com');
INSERT INTO Person
    VALUES(303, 'Fremont', '17482947', 'fremontteng@gmail.com');
INSERT INTO Person
    VALUES(304, 'Jane', '19287392', 'janeshin059@gmail.com');
--Stakeholder
INSERT INTO Person
    VALUES(400, 'Jaack', '19287392', 'jaackshin059@gmail.com');
INSERT INTO Person
    VALUES(401, 'Momentum', '19287392', 'moment13@gmail.com');
INSERT INTO Person
    VALUES(402, 'Miss Her Damien', '19287392', 'janeshin059@gmail.com');
INSERT INTO Person
    VALUES(403, 'Dont Anyhow', '100000', 'olalala@gmail.com');
INSERT INTO Person
    VALUES(404, 'HIV Chin', '19287392', 'hivchin@gmail.com');
INSERT INTO Person
    VALUES(405, 'Positiv Preg', '19287392', 'preggo@gmail.com');
INSERT INTO Person
    VALUES(406, 'Forgo Name', '19287392', 'fagi059@gmail.com');
INSERT INTO Person
    VALUES(407, 'Kakaa', '19287392', 'kakaka@gmail.com');
INSERT INTO Person
    VALUES(408, 'Find Dat', '19287392', 'Haha059@gmail.com');
INSERT INTO Person
    VALUES(409, 'One Time', '19287392', '13059@gmail.com');
INSERT INTO Person
    VALUES(410, 'Blue Stacks', '19287392', 'bs0@gmail.com');
INSERT INTO Person
    VALUES(411, 'Smackdown V Raw', '19287392', 'smackdown@gmail.com');
INSERT INTO Person
    VALUES(412, 'Hubby Titit', '19287392', 'isawsome@gmail.com');


INSERT INTO Person
    VALUES(500, 'Gitty','1241421412','github@git.com');
INSERT INTO Person
    VALUES(501, 'Harley Quinn','1241421412','hq@gotham.com');
INSERT INTO Person
    VALUES(502, 'Clark Kent','1241421412','krypton@super.com');
INSERT INTO Person
    VALUES(503, 'Bruce Wayne','1241421412','batman@gotham.com');
INSERT INTO Person
    VALUES(504, 'Kendra Sanders','1241421412','hawk@girl.com');
INSERT INTO Person
    VALUES(505, 'Sara Lance','1241421412','white@canary.com');
INSERT INTO Person
    VALUES(506, 'Laurel Lance','1241421412','black@canary.com');
INSERT INTO Person
    VALUES(507, 'Dinah Drake','41421412','black@canary.com');
INSERT INTO Person
    VALUES(508, 'Kurtis','1241421412','mister@terrific.com');
INSERT INTO Person
    VALUES(509, 'Lena Luthor','1241421412','L@corps.com');

INSERT INTO Person
    VALUES (999, N'Joe', '999', 'JoeWestAllen@ccpd.com');
INSERT INTO Person
    VALUES(1001, 'Selina Kyle', '20412125', 'catburglar@gotham.com');
INSERT INTO Person
    VALUES(1002, 'Randy Orton', '51351341', 'rko@wwe.com');
INSERT INTO Person
    VALUES(1003, 'Rip Hunter', '23125', 'captain@waverider.com');
INSERT INTO Person
    VALUES(1004, 'K Glum', '1341', 'kampong@glam.sg');
INSERT INTO Person
    VALUES(1005, 'Slender Man', '@$!$@%@#!$', 'dontstare@forest.com');
INSERT INTO Person
    VALUES(1006, 'Fahrad Raider', '4141341', 'buymorebicycles@discount.today.com');
INSERT INTO Person
    VALUES(1007, 'Alec Holland', '535123125', 'swmpthing@thegreen.com');
INSERT INTO Person
    VALUES(1008, 'Gorrdin Rimsey', '51351341', 'mchef@hellkitchen.com');
INSERT INTO Person
    VALUES(1009, 'Gregory Lin', '212442125', 'tomato@merchant.com');
INSERT INTO Person
    VALUES(1010, 'James H', '351341', 'charlisie@afri.com');
INSERT INTO Person
    VALUES (2001, N'Kelly', '02012445', 'ypke@ntu.edu.sg');
INSERT INTO Person
    VALUES (2002, N'Zhang', '402100', 'zhangj@ntu.edu.sg');
INSERT INTO Person
    VALUES (2004, N'Newton', ' 0321601483', 'ofernando@ntu.edu.sg');
INSERT INTO Person
    VALUES (2005, N'Arvind', '249912419', 'arvinde@ntu.edu.sg');
INSERT INTO Person
    VALUES (2006, N'Ziqi', '67906250', 'zqshen@ntu.edu.sg');
INSERT INTO Person
    VALUES (2007, N'Arijit', '4512100', 'assourav@ntu.edu.sg');
INSERT INTO Person
    VALUES(8208, 'Private Party', '1221341', 'pp@aew.com');

--R14.4
INSERT INTO Person_Address
    VALUES (100, '484789 Redwing Points');
INSERT INTO Person_Address
    VALUES (101, '781 Moose Alley');
INSERT INTO Person_Address
    VALUES (102, '484793 Redwing Point');
INSERT INTO Person_Address
    VALUES (103, '72 Tomscote Trail');
INSERT INTO Person_Address
    VALUES (104, '55271 Memorial Place');
INSERT INTO Person_Address
    VALUES (105, '5 Monterey Trailer');
INSERT INTO Person_Address
    VALUES (106, '967 Anzinger Hills');
INSERT INTO Person_Address
    VALUES (107, '9958 Novick Streets');
INSERT INTO Person_Address
    VALUES (108, '67 Coleman Places');
INSERT INTO Person_Address
    VALUES (109, '67 Fairview Ways');
INSERT INTO Person_Address
    VALUES (200, '1598 1st Lanes');
INSERT INTO Person_Address
    VALUES (201, '38 Meadow Valley Alleys');
INSERT INTO Person_Address
    VALUES (202, '43015 Pleasures Crossing');
INSERT INTO Person_Address
    VALUES (203, '8 Thackeraye Lane');
INSERT INTO Person_Address
    VALUES (204, '8 Centere Court');
INSERT INTO Person_Address
    VALUES (205, '91828 Southridges Terrace');
INSERT INTO Person_Address
    VALUES (206, '21 Delladonna Street');

INSERT INTO Person_Address
    VALUES (207, '48479 Redwing Point');
INSERT INTO Person_Address
    VALUES (208, '781 Moose Alley');
INSERT INTO Person_Address
    VALUES (209, '48439 Redwing Point');
INSERT INTO Person_Address
    VALUES (210, '72 Tomscots Trail');
INSERT INTO Person_Address
    VALUES (300, '55227 Memorial Place');
INSERT INTO Person_Address
    VALUES (301, '15 Monterey Trail');
INSERT INTO Person_Address
    VALUES (302, '967 Anzingers Hill');
INSERT INTO Person_Address
    VALUES (303, '99582 Novick Street');
INSERT INTO Person_Address
    VALUES (304, '673 Coleman Place');
INSERT INTO Person_Address
    VALUES (400, '67 Fairviewer Way');
INSERT INTO Person_Address
    VALUES (401, '1598 1st Laner');
INSERT INTO Person_Address
    VALUES (402, '381 Meadow Valley Alley');
INSERT INTO Person_Address
    VALUES (403, '40015 Pleasure Crossing');
INSERT INTO Person_Address
    VALUES (404, '81 Thackeray Lane');
INSERT INTO Person_Address
    VALUES (405, '82 Center Court');
INSERT INTO Person_Address
    VALUES (406, '91828 Southridges Terrace');
INSERT INTO Person_Address
    VALUES (407, '2 Delladonnae Street');


INSERT INTO Person_Address
    VALUES (408, '48479 Redwinge Point');
INSERT INTO Person_Address
    VALUES (409, '781 Moose Alley');
INSERT INTO Person_Address
    VALUES (410, '484279 Redwing Point');
INSERT INTO Person_Address
    VALUES (411, '723 Tomscot Trail');
INSERT INTO Person_Address
    VALUES (412, '55267 Memorial Place');
INSERT INTO Person_Address
    VALUES (500, '55 Monterey Trail');
INSERT INTO Person_Address
    VALUES (501, '9697 Anzinger Hill');
INSERT INTO Person_Address
    VALUES (502, '99568 Novick Street');
INSERT INTO Person_Address
    VALUES (503, '671 Coleman Place');
INSERT INTO Person_Address
    VALUES (504, '672 Fairview Way');
INSERT INTO Person_Address
    VALUES (505, '15938 1st Lane');
INSERT INTO Person_Address
    VALUES (506, '386 Meadow Valley Alley');
INSERT INTO Person_Address
    VALUES (507, '430915 Pleasure Crossing');
INSERT INTO Person_Address
    VALUES (508, '85 Thackeray Lane');
INSERT INTO Person_Address
    VALUES (509, '88 Center Court');
INSERT INTO Person_Address
    VALUES (999, '971828 Southridge Terrace');
INSERT INTO Person_Address
    VALUES (1001, '23 Delladonna Street');

INSERT INTO Person_Address
    VALUES (1002, '678 Fairview Way');
INSERT INTO Person_Address
    VALUES (1003, '15998 1st Lane');
INSERT INTO Person_Address
    VALUES (1004, '388 Meadow Valley Alley');
INSERT INTO Person_Address
    VALUES (1005, '430515 Pleasure Crossing');
INSERT INTO Person_Address
    VALUES (1006, '81 Thackeray Lane');
INSERT INTO Person_Address
    VALUES (1007, '85 Center Court');
INSERT INTO Person_Address
    VALUES (1008, '918828 Southridge Terrace');
INSERT INTO Person_Address
    VALUES (1009, '27 Delladonna Street');
INSERT INTO Person_Address
    VALUES (1010, '676 Fairview Way');
INSERT INTO Person_Address
    VALUES (2001, '15938 1st Lane');
INSERT INTO Person_Address
    VALUES (2002, '381 Meadow Valley Alley');
INSERT INTO Person_Address
    VALUES (2004, '430415 Pleasure Crossing');
INSERT INTO Person_Address
    VALUES (2005, '88 Thackeray Lane');
INSERT INTO Person_Address
    VALUES (2006, '84 Center Court');
INSERT INTO Person_Address
    VALUES (2007, '915828 Southridge Terrace');
INSERT INTO Person_Address
    VALUES (8208, '26 Delladonna Street');

--R18
INSERT INTO Suggestions
    VALUES ('2008-11-11', N'Bad', 400);
INSERT INTO Suggestions
    VALUES ('2008-11-21', N'Nice', 400);
INSERT INTO Suggestions
    VALUES ('2008-11-28', N'Work Harder', 400);
INSERT INTO Suggestions
    VALUES ('2008-11-5', N'Why is there no response?', 400);
INSERT INTO Suggestions
    VALUES ('2008-11-6', N'Law Enforcement', 400);
INSERT INTO Suggestions
    VALUES ('2008-11-7', N'good', 400);

INSERT INTO Suggestions
    VALUES ('2010-02-11', N'World of Warcraft', 401);
INSERT INTO Suggestions
    VALUES ('2019-10-01', N'Greedy Search', 402);
INSERT INTO Suggestions
    VALUES ('2000-01-01', N'Graphs', 403);
INSERT INTO Suggestions
    VALUES ('2011-12-20', N'Merge Sort', 404);
INSERT INTO Suggestions
    VALUES ('2011-01-01', N'Insertion Sort', 405);
INSERT INTO Suggestions
    VALUES ('2013-12-21', N'Quick Sort', 406);
INSERT INTO Suggestions
    VALUES ('2009-10-15', N'Bubble Sort', 407);
INSERT INTO Suggestions
    VALUES ('2008-08-01', N'OODP', 408);
INSERT INTO Suggestions
    VALUES ('2009-10-19', N'C++', 409);
INSERT INTO Suggestions
    VALUES ('2013-11-11', N'Java', 410);
INSERT INTO Suggestions
    VALUES ('2003-12-24', N'Inheritance', 411);
INSERT INTO Suggestions
    VALUES ('2019-10-15', N'Downcasting', 412);

----R1 Dump (Professor_ID, Student_ID, Topic)
INSERT INTO Supervise
    VALUES(1001, 1, 'Catwoman');
INSERT INTO Supervise
    VALUES(1002, 1, 'Wrestling Catmania');
INSERT INTO Supervise
    VALUES(1004, 3, 'Traditional Games');
INSERT INTO Supervise
    VALUES(1009, 4, 'Tomatoes and Cheese');
INSERT INTO Supervise
    VALUES(1007, 4, 'The Green Environment');

----R5 Dump (Person_ID, Student_ID, Date_Of_Grad)
INSERT INTO Graduate
    VALUES(2005, 1, '2019-11-02');
INSERT INTO Graduate
    VALUES(2002, 2, '2019-11-02');
INSERT INTO Graduate
    VALUES(2001, 3, '2019-11-02');
INSERT INTO Graduate
    VALUES(8208, 4, '2019-11-02');
INSERT INTO Graduate
    VALUES(2006, 5, '2019-11-02');

----R7 Dump (Person_ID, Fields_Of_Expertise)
INSERT INTO Professor VALUES(100, 'Graphic Art and Design');
INSERT INTO Professor VALUES(101, 'Legal Assistant');
INSERT INTO Professor VALUES(102,'Mechanical Engineer');
INSERT INTO Professor VALUES(103,'Software Engineer');
INSERT INTO Professor VALUES(104,'Biotechnology');
INSERT INTO Professor VALUES(105,'Programmer');
INSERT INTO Professor VALUES(106,'Aerospace Engineer');
INSERT INTO Professor VALUES(107,'Attorney and Lawyer');
INSERT INTO Professor VALUES(108,'Civil Engineer');
INSERT INTO Professor VALUES(109,'Computer Hardware Engineer');
INSERT INTO Professor
    VALUES(1001, 'Flying Kittens');
INSERT INTO Professor
    VALUES(1002, 'Wrestling');
INSERT INTO Professor
    VALUES(1003, 'Time-Travelling');
INSERT INTO Professor
    VALUES(1004, 'Five Stones');
INSERT INTO Professor
    VALUES(1005, 'Hide and Seek');
INSERT INTO Professor
    VALUES(1006, 'Bicycles');
INSERT INTO Professor
    VALUES(1007, 'Global Warming');
INSERT INTO Professor
    VALUES(1008, 'Knives');
INSERT INTO Professor
    VALUES(1009, 'Vegetables');
INSERT INTO Professor
    VALUES(1010, 'Dodgeball');

----R13 Dump (Laboratory_Name, Laboratory_School)
INSERT INTO ResearchLaboratory
    VALUES('HW Lab 1', 'SCSE');
INSERT INTO ResearchLaboratory
    VALUES('HW Lab 3', 'SCSE');
INSERT INTO ResearchLaboratory
    VALUES('SW Lab 2', 'SCSE');
INSERT INTO ResearchLaboratory
    VALUES('SW Lab 1', 'SCSE');
INSERT INTO ResearchLaboratory
    VALUES('Prof X Lab', 'School of the Greatest Mind');
INSERT INTO ResearchLaboratory
    VALUES('Innovation Lab','EEE');

----R22 Dump (Student_ID, Laboratory_Name, Laboratory_School)
INSERT INTO AssignLab
    VALUES(1, 'HW Lab 1', 'SCSE','2018-03-03');
INSERT INTO AssignLab
    VALUES(1, 'HW Lab 3', 'SCSE','2018-03-03');
INSERT INTO AssignLab
    VALUES(1, 'SW Lab 2', 'SCSE','2018-03-03');
INSERT INTO AssignLab
    VALUES(2, 'SW Lab 1', 'SCSE','2018-03-03');
INSERT INTO AssignLab
    VALUES(2, 'Prof X Lab', 'School of the Greatest Mind','2018-03-03');
INSERT INTO AssignLab
    VALUES(3, 'HW Lab 1', 'SCSE','2018-03-03');
INSERT INTO AssignLab
    VALUES(4, 'HW Lab 3', 'SCSE','2018-03-03');
INSERT INTO AssignLab
    VALUES(4, 'SW Lab 2', 'SCSE','2018-03-03');
INSERT INTO AssignLab
    VALUES(5, 'SW Lab 1', 'SCSE','2018-03-03');
INSERT INTO AssignLab
    VALUES(1, 'Prof X Lab', 'School of the Greatest Mind','2018-03-03');
/*
INSERT INTO AssignLab VALUES (1, 'Cyber Security Lab','NTU','2019-09-10');
INSERT INTO AssignLab VALUES(2, 'Biomedical Informatics Lab', 'NTU','2018-05-12');
INSERT INTO AssignLab VALUES(3,'Innovations Lab','NTU','2016-09-29');
INSERT INTO AssignLab VALUES(4, 'Parallel and Distributed Computing Lab','NTU','2018-04-23');
*/

INSERT INTO Course VALUES('A1',100,'Graphic Art and Design');
INSERT INTO Course VALUES('B2',101,'Legal Assistant');
INSERT INTO Course VALUES('C3',105,'Mechanical Engineer');
INSERT INTO Course VALUES('D4',103,'Biotechnology');
INSERT INTO Course VALUES('E5',104,'Biotechnology');
INSERT INTO Course VALUES('F6',105,'Programmer');
INSERT INTO Course VALUES('G7',106,'Aerospace Engineer');
INSERT INTO Course VALUES('H8',107,'Attorney and Lawyer');
INSERT INTO Course VALUES('I9',108,'Civil Engineer');
INSERT INTO Course VALUES('J10',109,'Computer Hardware Engineer');

INSERT INTO Takes VALUES(104,1,'2018-09-09','Aerospace Engineer');
INSERT INTO Takes VALUES(101,2,'2018-05-11','Bioengineering');
INSERT INTO Takes VALUES(102,3,'2016-10-29,','Chemical & Biomolecular Engineering');
INSERT INTO Takes VALUES(103,4,'2019-04-13','Civil Engineering');
INSERT INTO Takes VALUES(103,5,'2019-04-13','Civil Engineering');
INSERT INTO Takes VALUES(104,5,'2017-02-03','Computer Science');


INSERT INTO Equipment1
	VALUES(1,1000,'1998-01-01','Tensorboard');
INSERT INTO Equipment1
	VALUES(2,1001,'1999-02-02','Mouse');
INSERT INTO Equipment1
	VALUES(3,2002,'2010-11-03','Monitor');
INSERT INTO Equipment1
	VALUES(4,2005,'2015-11-03','Mac');
INSERT INTO Equipment1
	VALUES(5,3005,'2019-02-03','Projector');


INSERT INTO Equipment2
	VALUES(1,'Cyber Security Lab','SCSE');
INSERT INTO Equipment2
	VALUES(2,'Cyber Security Lab','SCSE');
INSERT INTO Equipment2
	VALUES(5,'Cyber Security Lab','SCSE');
INSERT INTO Equipment2
	VALUES(3,'Innovation Lab','EEE');
INSERT INTO Equipment2
 	VALUES(4,'Innovation Lab','EEE');


INSERT INTO Laboratory
	VALUES('N4-B2C-06','SCSE',1);
INSERT INTO Laboratory
	VALUES('N4-B2C-06','SCSE',2);
INSERT INTO Laboratory
	VALUES('N4-B2C-06','SCSE',5);
INSERT INTO Laboratory
	VALUES('N3-B4A-01/02A','EEE',3);
INSERT INTO Laboratory
	VALUES('N3-B4A-01/02A','EEE',4);

INSERT INTO Experiments VALUES (1, '2018-10-12', 1, 'Chemical Lab 1', 'SCBE', 20);
INSERT INTO Experiments VALUES (1, '2018-10-12', 1, 'Chemical Lab 1', 'SCBE', 21);
INSERT INTO Experiments VALUES (1, '2018-10-12', 0, 'Chemical Lab 1', 'SCBE', 22);
INSERT INTO Experiments VALUES (1, '2018-10-12', 1, 'Chemical Lab 1', 'SCBE', 23);
INSERT INTO Experiments VALUES (2, '2018-06-07', 1, 'Communication Lab 2', 'NBS', 20);
INSERT INTO Experiments VALUES (2, '2018-06-07', 0, 'Communication Lab 2', 'NBS', 21);
INSERT INTO Experiments VALUES (2, '2018-06-07', 0, 'Communication Lab 2', 'NBS', 22);
INSERT INTO Experiments VALUES (2, '2018-06-07', 1, 'Communication Lab 2', 'NBS', 23);
INSERT INTO Experiments VALUES (3, '2018-07-16', 0, 'Work Lab 1', 'CE', 20);
INSERT INTO Experiments VALUES (3, '2018-07-16', 1, 'Work Lab 1', 'CE', 21);
INSERT INTO Experiments VALUES (3, '2018-07-16', 0, 'Work Lab 1', 'CE', 22);
INSERT INTO Experiments VALUES (3, '2018-07-16', 1, 'Work Lab 1', 'CE', 23);

INSERT INTO Graduate VALUES (300 ,6,'2013-10-10');
INSERT INTO Graduate VALUES (301 ,7,'2013-10-11');
INSERT INTO Graduate VALUES (302 ,8,'2013-10-12');
INSERT INTO Graduate VALUES (303 ,9,'2013-10-13');
INSERT INTO Graduate VALUES (304,10,'2013-10-14');


/*INSERT INTO Takes VALUES(1,3111,'2018-09-09','Aerospace Engineering');

INSERT INTO Takes VALUES(7,3812,'2018-05-11','Bioengineering');

INSERT INTO Takes VALUES(11,3726,'2016-10-29','Chemical & Biomolecular Engineering');

INSERT INTO Takes VALUES(14,3685,'2019-04-13','Civil Engineering');

INSERT INTO Takes VALUES('18','3314','2017-02-03','Computer Science');

INSERT INTO Supervise VALUES('1', 'Airline safety, security');

INSERT INTO Supervise VALUES('2','Domestic abuse');

INSERT INTO Supervise VALUES('3','Divorce rates');

INSERT INTO Supervise VALUES('4','Alcohol');

INSERT INTO Supervise VALUES('5','Immigration');

INSERT INTO Supervise VALUES('6','Outsourcing');

INSERT INTO Supervise VALUES('7','Cultural expectations and practices');
*/
INSERT INTO Undergraduate VALUES (500,20);
INSERT INTO Undergraduate VALUES (501,21);
INSERT INTO Undergraduate VALUES (502,22);
INSERT INTO Undergraduate VALUES (503,23);
INSERT INTO Undergraduate VALUES (504,24);
INSERT INTO Undergraduate VALUES (505,25);
INSERT INTO Undergraduate VALUES (506,26);
INSERT INTO Undergraduate VALUES (507,27);
INSERT INTO Undergraduate VALUES (508,28);
INSERT INTO Undergraduate VALUES (509,29);

INSERT INTO Staff VALUES(200,11111);
INSERT INTO Staff VALUES(201,11112);
INSERT INTO Staff VALUES(202,11113);
INSERT INTO Staff VALUES(203,11114);
INSERT INTO Staff VALUES(204,11115);
INSERT INTO Staff VALUES(205,11116);
INSERT INTO Staff VALUES(206,11117);
INSERT INTO Staff VALUES(207,11118);
INSERT INTO Staff VALUES(208,11119);
INSERT INTO Staff VALUES(209,11120);
INSERT INTO Staff VALUES(210,11121);

INSERT INTO AdminStaff VALUES(200,11111);
INSERT INTO AdminStaff VALUES(201,11112);
INSERT INTO AdminStaff VALUES(202,11113);
INSERT INTO AdminStaff VALUES(203,11114);
INSERT INTO AdminStaff VALUES(204,11115);
INSERT INTO AdminStaff VALUES(205,11116);

INSERT INTO TechnicalStaff2 VALUES(206,11117);
INSERT INTO TechnicalStaff2 VALUES(207,11118);
INSERT INTO TechnicalStaff2 VALUES(208,11119);
INSERT INTO TechnicalStaff2 VALUES(209,11120);
INSERT INTO TechnicalStaff2 VALUES(210,11121);

INSERT INTO TechnicalStaff1 VALUES(11117,'HW Lab 3','SCSE');
INSERT INTO TechnicalStaff1 VALUES(11118,'Prof X Lab','School of the Greatest Mind');
INSERT INTO TechnicalStaff1 VALUES(11119,'Communication Lab 1','NBS');
INSERT INTO TechnicalStaff1 VALUES(11120,'Chemical Lab 2', 'SCBE');
INSERT INTO TechnicalStaff1 VALUES(11121,'Chemical Lab 1','SCBE');

INSERT INTO Teaching_Laboratory VALUES ('Communication Lab 1','NBS');
INSERT INTO Teaching_Laboratory VALUES ('Communication Lab 2','NBS');
INSERT INTO Teaching_Laboratory VALUES ('Communication Lab 3','NBS');
INSERT INTO Teaching_Laboratory VALUES ('Chemical Lab 1','SCBE');
INSERT INTO Teaching_Laboratory VALUES ('Chemical Lab 2','SCBE');
INSERT INTO Teaching_Laboratory VALUES ('Chemical Lab 3','SCBE');
INSERT INTO Teaching_Laboratory VALUES ('Work Lab 1','CE');
INSERT INTO Teaching_Laboratory VALUES ('Work Lab 2','CE');
INSERT INTO Teaching_Laboratory VALUES ('Cyber Security Lab', 'SCSE');

INSERT INTO Timetable VALUES ('2018-1-26 10:30:00','CZ2002' ,1001)
INSERT INTO Timetable VALUES ('2018-2-27 11:30:00','CZ2006' ,1002)
INSERT INTO Timetable VALUES ('2018-3-28 12:30:00','CZ1003' ,1003)
INSERT INTO Timetable VALUES ('2018-4-1 13:30:00','CZ3006' ,1004)
INSERT INTO Timetable VALUES ('2018-5-2 14:30:00','CZ2004' ,1005)
INSERT INTO Timetable VALUES ('2018-6-26 15:30:00','CZ1003' ,1006)
INSERT INTO Timetable VALUES ('2012-12-21 16:30:00','CZ2003' ,1007)
INSERT INTO Timetable VALUES ('2018-10-26 17:30:00','CZ2007',1008)
INSERT INTO Timetable VALUES ('2018-9-26 18:30:00','CZ2007' ,1009)
INSERT INTO Timetable VALUES ('2018-3-26 19:30:00','CZ2008' ,1010)

INSERT INTO Person_AddressZip VALUES(
'48479 Redwing Point', 10469);
INSERT INTO Person_AddressZip VALUES(
'78 Moose Alley', 70174);
INSERT INTO Person_AddressZip VALUES(
'72 Tomscot Trail', 78744);
INSERT INTO Person_AddressZip VALUES(
'5527 Memorial Place', 90071);
INSERT INTO Person_AddressZip VALUES(
'5 Monterey Trail', 92805);
INSERT INTO Person_AddressZip VALUES(
'967 Anzinger Hill', 99522);
INSERT INTO Person_AddressZip VALUES(
'9958 Novick Street', 1905);
INSERT INTO Person_AddressZip VALUES(
'67 Coleman Place', 30340);
INSERT INTO Person_AddressZip VALUES(
'67 Fairview Way', 68117);
INSERT INTO Person_AddressZip VALUES(
'1598 1st Lane', 15255);
INSERT INTO Person_AddressZip VALUES(
'38 Meadow Valley Alley', 23705);
INSERT INTO Person_AddressZip VALUES(
'43015 Pleasure Crossing', 20442);
INSERT INTO Person_AddressZip VALUES(
'8 Thackeray Lane', 9707);
INSERT INTO Person_AddressZip VALUES(
'8 Center Court', 10060);
INSERT INTO Person_AddressZip VALUES(
'91828 Southridge Terrace', 93305);
INSERT INTO Person_AddressZip VALUES(
'2 Delladonna Street', 23605);

INSERT INTO Person_CityState VALUES(10469,'Bronx','New York');
INSERT INTO Person_CityState VALUES(70174,'New Orleans','Louisiana');
INSERT INTO Person_CityState VALUES(78744,'Austin','Texax');
INSERT INTO Person_CityState VALUES(90071,'Los Angeles','California');
INSERT INTO Person_CityState VALUES(92805,'Anaheim','California');
INSERT INTO Person_CityState VALUES(99522,'Anchorage','Alaska');
INSERT INTO Person_CityState VALUES(1905,'Lynn','Massachusetts');
INSERT INTO Person_CityState VALUES(30340,'Atlanta','Georgia');
INSERT INTO Person_CityState VALUES(68117,'Omaha','Nebraska');
INSERT INTO Person_CityState VALUES(15255,'Pittsburgh','Pennslyvania');
INSERT INTO Person_CityState VALUES(23705,'Portsmouth','Virginia');
INSERT INTO Person_CityState VALUES(20442,'Washington','District of Columbia');
INSERT INTO Person_CityState VALUES(97075,'Beaverton','Oregon');
INSERT INTO Person_CityState VALUES(10060,'New York City','New York');
INSERT INTO Person_CityState VALUES(93305,'Bakersfield','California');
INSERT INTO Person_CityState VALUES(23605,'Newport News','Virginia');